username,name_ja,rank1,rank2,rank3,rank4,rank5,rank6
Iwase Hitoki,岩瀬仁紀,1,4,3,0,2,5
Satozaki Tomoya,里崎智也,4,1,2,0,3,5
AERA,AERA,1,0,4,2,3,5
Takagi Yutaka,高木豊,1,4,2,0,3,5
Hoshino Nobuyuki,星野伸之,1,4,2,0,3,5
Fujimoto Hiroshi,藤本博史,1,0,2,4,3,5
Ikeda Chikaoki,池田親興,1,4,0,2,3,5
Dave Okubo,デーブ大久保,0,1,4,2,3,5
Nomura Hiroki,野村弘樹,1,0,4,2,5,3
G.G. Sato,G.G.佐藤,4,5,2,0,1,3
Amaya Soichiro,天谷宗一郎,3,1,4,2,0,5
Sasaoka Shinji,佐々岡真司,3,1,4,0,2,5
Ono Yutaka,大野豊,3,1,2,4,0,5
Ogata Koichi,緒方孝市,3,1,4,2,0,5
Abe Tomohiro,安倍友裕,1,0,3,4,2,5
Nakata Ren,中田廉,3,1,4,0,2,5
Ide Shotaro,井手正太郎,2,1,4,0,3,5
Sobue Daisuke,祖父江大輔,4,1,2,0,3,5
Awano Hideyuki,阿波野秀幸,1,4,0,2,3,5
Yano Akihiro,矢野燿大,1,4,0,2,3,5
Nakata Sho,中田翔,1,2,0,4,3,5
Kameyama Tsutomu,亀山つとむ,1,4,3,2,0,5
Mori Shigekazu,森繁和,1,4,2,0,3,5
Ihara Haruki,伊原春樹,1,0,4,2,3,5
Noguchi T.,野口寿浩,1,2,4,3,0,5
Ogasawara M.,小笠原道大,1,2,4,0,3,5
Kataoka Atsushi,片岡篤史,1,4,3,0,2,5
Emoto Takenori,江本孟紀,1,0,2,4,3,5
Sekimoto S.,関本四十四,1,0,4,2,3,5
Hirosawa Katsumi,広澤克実,1,2,4,0,3,5
Osawa Kenichiro,大澤謙一郎,0,1,2,4,3,5
Sekimoto Kentaro,関本賢太郎,1,4,2,0,3,5
Nomi Atsushi,能見篤史,1,4,0,3,2,5
Haraguchi F.,原口文仁,1,4,2,0,3,5
Nomura Kenjiro,野村謙二郎,3,1,4,0,2,5
T-Okada,T-岡田,1,0,2,4,3,5
Akahoshi N.,赤星憲広,1,4,2,0,3,5
Matsuda Nobuhiro,松田宣浩,1,0,4,2,3,5
Kishikawa K.,岸川勝也,1,4,0,3,2,5
Sugimoto Tadashi,杉本正,1,3,4,0,2,5
Wakana Yoshiharu,若菜嘉晴,1,2,0,4,3,5
Harimoto Isao,張本勲,1,2,0,3,4,5
Arito Michiyo,有藤通世,1,2,0,4,3,5
Tabuchi Koichi,田淵幸一,1,0,2,3,4,5
Higashio Osamu,東尾修,1,0,2,4,3,5
Nakahata Kiyoshi,中畑清,1,0,2,4,3,5
Ushijima K.,牛島和彦,1,4,0,2,3,5
Makihara Hiromi,槙原寛己,1,4,0,2,3,5
Ito Tsutomu,伊東勤,1,4,0,3,2,5
Tsuji Hatsuhiko,辻発彦,1,2,4,0,3,5
Fukudome Kosuke,福留孝介,1,2,0,4,3,5
Kawamata Y.,川又米利,1,0,4,2,3,5
Hikono T.,彦野利勝,1,2,4,0,3,5
Yoda Tsuyoshi,与田剛,1,4,2,0,3,5
Imanaka Shinji,今中慎二,1,2,4,0,3,5
Kawakami Kenshin,川上憲伸,1,4,2,0,5,3
Yoshimi Kazuki,吉見一起,1,4,2,0,3,5
Gondo Hiroshi,権藤博,0,1,4,3,2,5
Hitoeda Shuhei,一枝修平,1,2,4,0,5,3
Yamada Hisashi,山田久志,1,4,3,0,2,5
Mayumi Akinobu,真弓明信,1,0,4,2,3,5
Nashida Masataka,梨田昌孝,1,0,4,2,3,5
Oishi Daijiro,大石大二郎,1,2,4,0,3,5
Nakanishi K.,中西清起,1,4,0,2,3,5
Hiyama Shinjiro,桧山進次郎,1,4,3,0,2,5
Hamana Chihiro,浜名千広,1,4,2,0,3,5
Imaoka Masami,今岡真訪,1,3,4,0,2,5
Toritani Takashi,鳥谷敬,1,4,2,3,0,5
Hiraishi Yosuke,平石洋介,1,2,4,0,3,5
Uehara Koji,上原浩治,1,4,2,0,3,5
Tanishige M.,谷繁元信,1,0,2,4,3,5
Miyamoto Shinya,宮本慎也,1,2,4,0,3,5
Ogata Koichi G,緒方耕一,1,0,4,2,5,3
Sasaki Kazuhiro,佐々木主浩,1,4,2,0,3,5
Watanabe H.,渡辺久信,1,0,4,2,5,3
Tamura Fujio,田村藤夫,1,4,2,0,3,5
Shinozuka K.,篠塚和典,1,0,2,3,4,5
Nishimoto T.,西本聖,1,0,3,2,4,5
Iwata Minoru,岩田稔,1,2,4,0,3,5
Yamamoto Masa,山本昌,1,4,0,2,3,5
Fukuhara Shinobu,福原忍,1,4,2,0,3,5
Fujita Taira,藤田平,1,4,0,2,5,3
Nishiyama Shuji,西山秀二,1,3,0,4,2,5
Igawa Kei,井川慶,1,2,0,3,4,5
Itoi Yoshio,糸井嘉男,1,4,2,0,3,5
Sato Yoshinori,佐藤義則,1,2,0,3,4,5
Aniya Sohachi,安仁屋宗八,3,1,2,0,4,5
Kano Keisuke,狩野恵輔,1,4,2,0,3,5
Tani Yoshitomo,谷佳知,1,0,4,2,3,5
Oka Yoshiro,岡義朗,1,4,3,2,0,5
Nakata Yoshihiro,中田良弘,1,0,3,2,4,5
Yokoyama Ryuji,横山竜士,1,4,3,2,0,5
Doi Masahiro,土井正博,1,0,4,2,3,5
Ueda Jiro,上田二朗,1,0,4,2,3,5
Kuroda Masahiro,黒田正宏,1,4,0,2,3,5
Tao Yasushi,田尾安志,1,4,2,0,3,5
Yagi Yutaka,八木裕,1,0,3,4,2,5
Yabu Keiichi,藪恵壹,1,3,4,0,2,5
Wakamatsu T.,若松勉,0,1,2,5,4,3
Kobayakawa T.,小早川毅彦,1,2,0,4,3,5
Takatsu Shingo,高津臣吾,1,4,0,5,2,3
Ogawa Atsushi,小川淳司,1,0,2,5,4,3
Manaka Mitsuru,真中満,1,4,2,0,5,3
Araki Daisuke,荒木大輔,1,4,2,0,3,5
Iguchi Tadahito,井口資仁,1,0,2,4,3,5
Hamanaka Osamu,濱中治,1,4,0,2,3,5
Takahashi H.,髙橋尚成,1,2,0,4,3,5
Takahashi Y.,高橋由伸,1,0,4,2,3,5
Maeda Tomonori,前田智徳,3,1,4,0,2,5
Murata Shinichi,村田真一,0,1,4,2,3,5
Horiuchi Tsuneo,堀内恒夫,0,1,4,2,3,5
Kakefu Masayuki,掛布雅之,1,4,0,2,3,5
Miyamoto K.,宮本和知,0,1,2,4,3,5
Shimizu Takayuki,清水隆行,0,1,2,4,3,5
Fukumoto Yutaka,福本豊,1,0,4,2,3,5
Kanemura Y.,金村義明,1,2,0,4,3,5
Iwamoto Tsutomu,岩本勉,1,0,3,4,2,5
Yazawa Kenichi,谷沢健一,1,4,0,2,3,5
Oya Akihiko,大矢明彦,1,2,0,4,5,3
Saito Masaki,斎藤雅樹,1,0,2,4,3,5
Saeki Takahiro,佐伯貴弘,1,2,4,0,3,5
Imanari Ryota,今成亮太,1,0,4,3,2,5
Shibata Isao,柴田勲,1,0,2,3,4,5
Igarashi Ryota,五十嵐亮太,1,4,2,0,3,5
