day_index,date,rank1,rank2,rank3,rank4,rank5,rank6
1,20260327,0,3,5,1,2,4
2,20260328,3,5,0,1,2,4
3,20260329,3,5,1,0,2,4
4,20260331,5,3,1,0,2,4
5,20260401,5,3,1,0,2,4
6,20260402,5,1,3,0,2,4
7,20260403,5,1,3,0,2,4
8,20260404,5,1,0,3,2,4
9,20260405,5,1,0,3,2,4
10,20260407,5,1,3,0,2,4
11,20260408,5,1,0,3,2,4
12,20260409,5,1,0,3,2,4
13,20260410,1,5,0,3,2,4
14,20260411,1,5,0,3,2,4
15,20260412,1,5,0,3,2,4
16,20260414,5,1,0,3,2,4
17,20260415,5,1,0,3,2,4
18,20260416,5,1,0,3,2,4
19,20260417,5,1,0,3,2,4
20,20260418,5,1,0,2,3,4
21,20260419,5,1,0,2,3,4
22,20260421,5,1,0,2,3,4
23,20260422,5,1,0,2,3,4
24,20260423,5,1,0,2,3,4
25,20260424,5,1,0,2,3,4
26,20260425,5,1,0,2,3,4
27,20260426,1,5,0,2,3,4
28,20260428,5,1,0,2,3,4
29,20260429,1,5,0,2,3,4
30,20260430,1,5,0,2,3,4
31,20260501,1,5,0,2,3,4
32,20260502,1,5,0,2,3,4
33,20260503,1,5,0,2,3,4
34,20260504,1,5,0,2,3,4
35,20260505,1,5,0,2,3,4
36,20260506,1,5,0,2,3,4
37,20260508,5,1,0,2,3,4
38,20260509,5,1,2,0,4,3
39,20260510,5,1,2,0,3,4
40,20260512,1,5,2,0,3,4
41,20260513,5,1,2,0,3,4
42,20260514,5,1,2,0,3,4
43,20260515,5,1,0,2,3,4
44,20260516,5,1,0,2,3,4
45,20260517,5,1,0,2,3,4
46,20260519,5,1,0,2,3,4
47,20260520,5,1,0,2,3,4
48,20260521,5,1,0,2,3,4
49,20260522,5,1,0,2,3,4
50,20260523,5,1,0,2,3,4
51,20260524,1,5,0,2,3,4
52,20260526,1,5,0,2,3,4
53,20260527,1,5,0,2,3,4
54,20260528,1,5,0,2,3,4
55,20260529,1,5,0,2,3,4
56,20260530,1,5,0,2,3,4
57,20260531,5,1,0,2,3,4
58,20260602,5,1,0,2,3,4
59,20260603,5,1,0,2,3,4
60,20260604,5,1,0,2,3,4
61,20260605,5,1,0,2,3,4
62,20260606,1,5,0,2,3,4
63,20260607,1,5,0,2,3,4
64,20260609,1,0,5,2,3,4
65,20260610,0,1,5,2,3,4
66,20260611,0,1,5,2,3,4
67,20260612,0,1,5,2,3,4
68,20260613,0,1,5,2,3,4
69,20260614,0,1,5,2,3,4
70,20260616,0,5,1,2,3,4
71,20260617,0,5,1,2,3,4
72,20260619,5,1,0,2,3,4
73,20260620,1,0,5,2,3,4
74,20260621,1,0,5,2,3,4
75,20260623,1,0,5,2,3,4
76,20260624,1,0,5,2,3,4
77,20260625,1,0,5,2,3,4
78,20260627,0,1,5,3,2,4
79,20260628,0,1,5,3,2,4
80,20260630,1,5,0,3,2,4
81,20260701,1,0,5,3,2,4
82,20260702,0,1,5,3,2,4
83,20260703,0,1,5,3,2,4
84,20260704,0,1,5,3,2,4
85,20260705,0,1,5,2,3,4
86,20260707,0,1,5,2,3,4
87,20260708,0,1,5,2,3,4
88,20260709,1,0,5,2,3,4
89,20260710,1,0,5,2,3,4
90,20260711,1,0,5,2,3,4
91,20260712,1,0,5,2,3,4
92,20260714,1,0,5,2,3,4
93,20260715,1,0,5,2,3,4
94,20260716,1,0,5,2,3,4
95,20260717,1,0,5,2,3,4
96,20260718,1,0,5,2,3,4
97,20260719,1,0,5,2,3,4
98,20260720,1,0,5,2,3,4
99,20260721,1,0,5,2,3,4
100,20260722,1,0,5,2,3,4
101,20260724,1,0,5,2,3,4
102,20260725,0,1,5,2,3,4
103,20260726,0,1,5,2,3,4
104,20260731,0,1,5,2,3,4
105,20260801,1,0,5,2,3,4
106,20260802,1,0,5,2,3,4
107,20260804,1,0,5,2,3,4
108,20260805,1,0,5,2,3,4
109,20260806,1,0,5,2,4,3
110,20260807,1,0,5,2,4,3
111,20260808,1,0,2,5,4,3
112,20260809,1,0,2,5,4,3
113,20260811,1,0,2,5,4,3
114,20260812,1,0,2,5,4,3
115,20260813,1,0,2,5,4,3
116,20260814,1,0,2,5,4,3
117,20260815,1,0,2,5,4,3
118,20260816,1,0,5,2,4,3
119,20260818,1,0,5,2,4,3
120,20260819,1,0,2,5,3,4
121,20260820,1,0,2,5,3,4
122,20260821,1,0,2,5,3,4
123,20260822,1,0,2,5,4,3
124,20260823,1,0,2,5,4,3
125,20260825,1,0,2,5,4,3
126,20260826,1,0,2,5,4,3
127,20260827,1,0,2,5,4,3
128,20260828,1,0,2,5,4,3
129,20260829,1,0,2,5,4,3
130,20260830,1,0,2,5,3,4
131,20260901,1,0,2,5,3,4
132,20260902,1,0,2,5,3,4
133,20260903,1,0,2,5,3,4
134,20260904,1,0,2,5,3,4
135,20260905,1,0,2,5,4,3
136,20260906,1,0,2,5,4,3
137,20260908,1,0,2,5,4,3
138,20260909,1,0,2,5,4,3
139,20260910,1,0,2,5,3,4
140,20260911,1,0,2,5,4,3
141,20260912,1,0,2,5,4,3
142,20260913,1,0,2,5,4,3
143,20260914,1,0,2,5,4,3
144,20260915,1,0,2,5,4,3
145,20260917,1,0,2,5,4,3
146,20260918,1,0,2,5,4,3
147,20260919,1,0,2,5,4,3
148,20260920,1,0,2,5,4,3
149,20260921,1,0,2,4,5,3
150,20260922,1,0,2,4,5,3
151,20260923,1,0,2,4,5,3
152,20260924,1,0,2,4,5,3
153,20260925,1,0,2,5,4,3
154,20260926,1,0,2,5,3,4
155,20260927,1,0,2,5,3,4
156,20260928,1,0,2,3,5,4
157,20260929,1,0,2,5,3,4
158,20260930,1,0,2,3,5,4
